{"cameraMode":{"drawMode":0,"name":"Shaded","section":"Shading Mode"},"sceneLighting":true,"audioPlay":false,"sceneViewState":{"m_AlwaysRefresh":false,"showFog":true,"showSkybox":true,"showFlares":true,"showImageEffects":true,"showParticleSystems":true,"showVisualEffectGraphs":true,"m_FxEnabled":true},"in2DMode":false,"pivot":{"x":3.5361127853393556,"y":3.153095245361328,"z":3.876447916030884},"rotation":{"x":-0.025412097573280336,"y":-0.8674779534339905,"z":0.044549375772476199,"w":-0.49483707547187807},"size":1.740112066268921,"orthographic":false}